00000000,Customer,H,Martin,tom@gmail.com,1234
00000001,Customer,Callumdd,Organ,callumorgan@gmail.com,07305553132
00000002,Customer,Callum,Organ,callumorgan@gmail.com,073055531322
00000003,Customer,Callum,Organ,callumorgan@gmail.com,07305553132
00000004,Customer,Callum,Organ,callumorgan@gmail.com,07305553132
00000005,Customer,Callum,Organ,callumorgan@gmail.com,073055531322
00000006,Customer,Callumdddddddddddd,Organ,callumorgan@gmail.com,07305553132
00000007,Customer,Callum,Organ,callumorgan@gmail.com,44
00000008,Customer,Callum,Organ,callumorgan@gmail.com,07305553132
00000009,Customer,Callum,Organ,callumorgan@gmail.com,07305553132
00000007,Customer,Callum,Organ,callumorgan@gmail.com,07305553132
00000008,Customer,Callum,Organ,callumorgan@gmail.com,07305553132
00000009,Customer,Callum,Organ,callumorgan@gmail.com,33333333333
